path,bytes,sha256,ext
payload/ACTIVE_SOP_REGISTRATION_2026-03-29ba.md,1128,40ac87b2d8e7e7d6350f113937e32e29d02f5b329b3393fcdd348fe881b1b860,.md
payload/ACTIVE_SOP_TRANSITION_PACKAGE_2026-03-29ba.zip,5537,d0d9db888ad3d1dd433138fa35f0c89a8ee76bdb835b41f7b09b8ecbdefc1399,.zip
payload/ACTIVE_SOP_TRANSITION_README_2026-03-29ba.md,397,1b13c85351da465b68ad55f27a5297e8f167ef36df140b963fc95784c975fffd,.md
payload/ACTIVE_SOP_UPDATE_ELT_MANIFEST_2026-03-29ba.json,1243,2bc71331dc674befd5461a0fb43ecb67218ea82382f2ecac04667bfb71b20c37,.json
payload/ACTIVE_SOP_UPDATE_OIE_TRIPLES_2026-03-29ba.csv,754,ed3b85bad48660b200ce51213d279e09391543bbe1800f01d2e82f1afaa99ae0,.csv
payload/CIL_NATIVE_MEMORY_DOCTRINE_v1_2026-03-29s.md,2369,54ba940e479843d17c1e1127a2069a2cc6e3179d7b14cee106b680c7171114b8,.md
payload/CONSOLIDATED_NEXT_STEPS_2026-03-29ad.md,1322,1c61fecf70da1a286b68944ecca7f6eaee775f21d260b290ddf58d446e45ef6a,.md
payload/CONSOLIDATED_NEXT_STEPS_2026-03-29w.md,1025,5f351e4efa226f86f57bb03fa8b0f6d7e69c46bacb783d4ded083c65eb337497,.md
payload/CONSOLIDATED_NEXT_STEPS_2026-03-29x.md,1255,409017ccc6a729f4bf73dcf0e4de53ddd089feffd1387658be8a7ec87aaf2453,.md
payload/Claude eval.md,57012,c344aee81aeaf55b294384a82653429686327f37d96fd4c6e2848786157cff8b,.md
payload/Design synthesis and specification alignment - Claude (3).mht,4856214,d433f04d310d293bc88e19989bfa86b1c7c1db691214d1bfcabf01262165febd,.mht
payload/EXTRACT.md,166527,7b52aac186981616ed3313829cf758341f5ba944e57fe6a382a68e68be8a86b3,.md
payload/Full extracted MHT.txt,343755,6ba3d3220ce124f8440340928f7985487d4c65d04f32610e17e98b183db7aaac,.txt
payload/GENERIC_PROJECT_SOP_ARCHIVE_2026-03-29ax/GENERIC_SOP_ARCHIVE_INDEX_2026-03-29ax.md,393,c546c8bd7ff8e381db21f0ee16bd6961aacfd0128f007ff178c61ad2de222804,.md
payload/GENERIC_PROJECT_SOP_ARCHIVE_2026-03-29ax/LOAD_FIRST_REHYDRATION_NOTE_GENERIC_2026-03-29ax.md,582,8863e3a259eef8c682d421ebff1e7a4ef6dfa8d6ce4f94237fd5cdd34e91cfd2,.md
payload/GENERIC_PROJECT_SOP_ARCHIVE_2026-03-29ax/PROJECT_CONTINUATION_PROTOCOL_GENERIC_2026-03-29ax.md,691,5792522d01da18502a5e6d1b102d8544d09631c4910e1ebf77ceef1665f873eb,.md
payload/GENERIC_PROJECT_SOP_ARCHIVE_2026-03-29ax/UNIVERSAL_PROJECT_SOP_2026-03-29ax.md,4935,1baec41245da28f68f1dc673f5a81c7135cacbe82f32ebd3aee2f04c7ab3e1dd,.md
payload/GENERIC_PROJECT_SOP_ARCHIVE_2026-03-29ax.zip,6135,cfc2b007e54096ef84c30785fd07f2ed43041afc0ee7ccc02d1f52cc9d44850b,.zip
payload/GENERIC_PROJECT_STATE_COMPANION_ARCHIVE_2026-03-29ay/CURRENT_STATE_TEMPLATE.md,339,f5c2893da5647196bf60927861c9d175a823277daac18c9597268cc3b9e82b31,.md
payload/GENERIC_PROJECT_STATE_COMPANION_ARCHIVE_2026-03-29ay/DOCTRINE_SNAPSHOT_TEMPLATE.md,264,5f5d502ff38b2fef4729d768655ff4fea0e800b51157e846792b9d6f4a7a2b8e,.md
payload/GENERIC_PROJECT_STATE_COMPANION_ARCHIVE_2026-03-29ay/EXPERIMENT_REPORT_TEMPLATE.md,215,c3962a39b83f9fd588c71007c92600d89fafd7ad40a94f3dceca94f8a9125578,.md
payload/GENERIC_PROJECT_STATE_COMPANION_ARCHIVE_2026-03-29ay/EXPERIMENT_SPEC_TEMPLATE.md,163,1c586cb68c4f499cdf368ff6721b46c82e556474b2e0514d0d27b9e868857480,.md
payload/GENERIC_PROJECT_STATE_COMPANION_ARCHIVE_2026-03-29ay/MAINTENANCE_NOTE_TEMPLATE.md,386,2e2633097b32792ff0dd5bcc33a8d5b59c5519bf7c62fc16dd1e13990fa4db55,.md
payload/GENERIC_PROJECT_STATE_COMPANION_ARCHIVE_2026-03-29ay/NEXT_STEPS_TEMPLATE.md,185,8d91a8deb77cf250e4b28a60db9f278b3d2a8dff76848c0f6c90354326f6b9f6,.md
payload/GENERIC_PROJECT_STATE_COMPANION_ARCHIVE_2026-03-29ay/PROJECT_ARCHIVE_INDEX_TEMPLATE.md,326,a1914b4d223c9c6bbf59bf417f73215e8316cdfbcc6644ce650526afb6370071,.md
payload/GENERIC_PROJECT_STATE_COMPANION_ARCHIVE_2026-03-29ay/PROJECT_START_CHECKLIST_TEMPLATE.md,312,a50f0a3fe0ae2b1cb3fdb549d21d748e5bb38232018c06d34c9c821c56803f2b,.md
payload/GENERIC_PROJECT_STATE_COMPANION_ARCHIVE_2026-03-29ay/README.md,570,26617d694d958bd9f327efcaec13ffe3777c3251311bc5170b5a88948e993f20,.md
payload/GENERIC_PROJECT_STATE_COMPANION_ARCHIVE_2026-03-29ay/RESEARCH_CROSSWALK_TEMPLATE.md,166,da208747f516d2f59f98318eecf3d94ae5bc0fabb3c1888024fffa3ac1d91cc7,.md
payload/GENERIC_PROJECT_STATE_COMPANION_ARCHIVE_2026-03-29ay/REVISIT_LEDGER_TEMPLATE.md,205,66779bba7ae9d240f7788b0accca1d74a8430173ac93eb105f0d1ca4f357b109,.md
payload/GENERIC_PROJECT_STATE_COMPANION_ARCHIVE_2026-03-29ay/TRACE_MATRIX_TEMPLATE.md,148,74e95f24088a9f2a74aec1871405dc467fd17b192923110144911c45975f64f9,.md
payload/GENERIC_PROJECT_STATE_COMPANION_ARCHIVE_2026-03-29ay/ZERO_LOSS_EXTRACTION_TEMPLATE.md,245,afc22c541751cc1ef331e480eb06952e8f72c2a02bef4062138c895a7f10200a,.md
payload/GENERIC_PROJECT_STATE_COMPANION_ARCHIVE_2026-03-29ay/bag-info.txt,267,750454eb2ca5f47de2fbfc99238468fa530f6787b37d0d1edfee059c28f21e0b,.txt
payload/GENERIC_PROJECT_STATE_COMPANION_ARCHIVE_2026-03-29ay/bagit.txt,54,1712ecfb074bf29c4188ad3421032509159a09739fd604f8fe57038b4ddefcc9,.txt
payload/GENERIC_PROJECT_STATE_COMPANION_ARCHIVE_2026-03-29ay/manifest-sha256.txt,1375,82d7c76d0ef024413720a88e479174876821ebb3747634dbf4585967dabc713e,.txt
payload/GENERIC_PROJECT_STATE_COMPANION_ARCHIVE_2026-03-29ay/ro-crate-metadata.json,6055,b89f1f736926e89679c44e637a396c66da9e9a25518c5a103ca57c53af4b7368,.json
payload/GENERIC_PROJECT_STATE_COMPANION_ARCHIVE_2026-03-29ay.zip,6890,d61385c4422d681aa89612bd65e1e2e61c1a35ef2985b512d9f980e5fb99cdfd,.zip
payload/KarnOS-Shadow-Addendum-2026-03-27a.md,14133,52337a99236c9ec9ce6a8e50b4d63781e9121dde2579ff3a8c7d069a2497b5b8,.md
payload/KarnOS-Shadow-Maintenance-Note-2026-03-27a.md,6533,5080e0800b158133f6cfd058076398be2cb7852aa62f179ad3cf61957a8fdbbf,.md
payload/KarnOS-Shadow-Trace-Matrix-2026-03-27a.md,10165,98c7f95bc85560512bb8b6acb1c921f2a3b6e7ec208dbe6a59fc39c4894d1c3a,.md
payload/LAB_REVIEW_PACKAGE_MANIFEST_2026-03-29ad.md,1098,b5a13d92682dbb9d4d41775049888826cc79a709e66a4a08b09f4a41041950b0,.md
payload/LOOP_PLUS_AGNOSTIC_GUIDE_2026-03-29bb.md,8206,79cfaad1dd6a5ddea6ed39273ae51a60e7c11888d7ceaee78d324bc5d8c67ec8,.md
payload/LOOP_PLUS_AGNOSTIC_GUIDE_META_CONTROL_2026-03-29bc.md,5527,ee225ec6ba214043614c58aab3adc78d2bf5496f0eb8274a0ca6c381026a27ca,.md
payload/PARALLEL_RESEARCH_DEFNLP_POSTPROCESS_2026-03-29as.md,1581,7c6ccaf81e78a8599f4e0f583b09e7cc303b0016ad6d9b381ff3a1dbb088261a,.md
payload/PARALLEL_RESEARCH_ELT_MANIFEST_2026-03-29as.json,1520,d35f54bbc8df0a84933747aaa0845c0270dace9bd2e1363c019b4e763bc1938a,.json
payload/PARALLEL_RESEARCH_OIE_TRIPLES_2026-03-29as.csv,1495,f14c93a5be33368bdec864741b818da7794d951be295cbea570b08e204c8e703,.csv
payload/PARALLEL_RESEARCH_STANDARDIZED_EXTRACTION_MATRIX_2026-03-29as.csv,2241,9002c854350e4650b1091d7324614c07cd73e63a91e6225079e93a31f97ecc4b,.csv
payload/PARALLEL_RESEARCH_ZERO_LOSS_EXTRACTION_2026-03-29as.md,1770,481aa2839aa58a251d7348f5c32724e1e4cbb903c8a38dca670d05d56e507c62,.md
payload/PARALLEL_RESEARCH_ZERO_LOSS_PACKAGE_2026-03-29as.zip,5144,f4c72bcec73421675404259fda8cd06a7803965c88db28717791128d1a420ae0,.zip
payload/PROCESS_CHECKPOINT_META_EVAL_2026-03-29u.md,7846,1b5eda3784dae269bdeebbbbd56e48b422928155ef1a7222c9352999e946a533,.md
payload/PROJECT_ARCHIVE_2026-03-29aw/PROJECT_ARCHIVE_INDEX_2026-03-29aw.md,1132,9d7d3947828f378b1940f5d014f03d353d24ad2a0ec690b62bd112948b0e019a,.md
payload/PROJECT_ARCHIVE_2026-03-29aw/PROJECT_CONTINUATION_PROTOCOL_2026-03-29aw.md,1479,d30f5b89541b2e56400e89a5c70f2a45abb26f705c60e113bbdfc29d80b7e95e,.md
payload/PROJECT_ARCHIVE_2026-03-29aw/PROJECT_REHYDRATION_NOTE_2026-03-29au.md,283,7dd8649d31b394a2b3a00e647ab859e7afd242fd2f00d459c45ac68cbc6d75b8,.md
payload/PROJECT_ARCHIVE_2026-03-29aw/PROJECT_WIDE_COMPREHENSIVE_SOP_2026-03-29au.md,14896,27b617a48577748358245dfcaeeda26a09f711f543247c5683b98111856e3f7c,.md
payload/PROJECT_CONTINUATION_ARCHIVE_2026-03-29aw.zip,38059,b29a73e02d653363d84c044fe5ce2251ac9f72ac9e214c37c1a8b5083534ce6f,.zip
payload/PROJECT_REHYDRATION_NOTE_2026-03-29au.md,283,7dd8649d31b394a2b3a00e647ab859e7afd242fd2f00d459c45ac68cbc6d75b8,.md
payload/PROJECT_WIDE_COMPREHENSIVE_SOP_2026-03-29au.md,14896,27b617a48577748358245dfcaeeda26a09f711f543247c5683b98111856e3f7c,.md
payload/PROJECT_WIDE_SOP_PACKAGE_2026-03-29au.zip,6502,b8036fd76f7c0d1b416a5cbbb03871e7f5b12d95a0c0c98327651a74e400a288,.zip
payload/RESEARCH_CORPUS_CONSOLIDATION_NOTE_2026-03-29s.md,1167,9aa0859e1e97eeb437be9679c0557704b268cc1a8dfe54c1e5e71ee9c733a6aa,.md
payload/RESEARCH_LAB_INDEX_2026-03-29ad.md,1176,27032c39e4a2c37e7506d105402ee6df03e21f050d0c1031af552dd09db353c8,.md
payload/RESEARCH_LAB_INDEX_2026-03-29s.md,512,f2814bf831e521903ecdd51c36b5d041f629b39faff6881c2e12b4ba53481081,.md
payload/SINGULARITY_WORKS_MATRIX_SHADOW_PROCESS.md,12034,f9632fee8827b7c201a98051ec6645de5a373a487111c29f6d4388a4dc2d60cb,.md
payload/TQ2_ADAPTIVE_K2_SPEC_2026-03-29y.md,428,7c84b7ee808708bcada28cdcd7e79e207f7b7553a73c3d62646a943fed1bdaee,.md
payload/TQ2_ADAPTIVE_MULTI_PATH_RERUN_SPEC_2026-03-29aa.md,501,468f17ca12e46c96ead7231f4e687643205e786617d23b5ef0573e1cf9c6a543,.md
payload/TQ2_BENCHMARK_HARNESS_SPEC_2026-03-29b.md,5715,2ec1ef921e6c96de9bd90352d0c72c3c84a68991c4382ee9e9b1433ec13ee963,.md
payload/TQ2_CHAIN_LENGTH_SWEEP_SPEC_2026-03-29v.md,487,e27e16ff10a3b71f848dc9b996aaff7a9f77e19100833089b0e57916ee051c89,.md
payload/TQ2_CIL_ADDENDUM_2026-03-29ag.md,773,295ee5bae04d0272a1f6c8318ff704081785b1475c668b7742aeb7a0ced94f56,.md
payload/TQ2_CIL_ARTIFACT_REGISTRY_2026-03-29ar.csv,44663,a515a76af291ef3fec9428ad31971db252cac5c1bac2165e2442272a214a0488,.csv
payload/TQ2_CIL_BASELINE_PACKAGE_2026-03-29az.zip,13750,0a6d0b7bda5b7fcd306a49d8b2df77dee60d6b4c074feca0de866d2db279897d,.zip
payload/TQ2_CIL_BASELINE_PACKAGE_README_2026-03-29az.md,535,1df9cd7bc781179e21d567854754b82fcbc703f9980053edfe66075e51c1b505,.md
payload/TQ2_CIL_BASELINE_UNDER_ACTIVE_CHIMERA_SOP_2026-03-29ba.md,2640,caefebbad468d3dc6d3cdf4051089989712ec88ad94574611f9710d34ba7e1e7,.md
payload/TQ2_CIL_CURRENT_DOC_SET_2026-03-29ag.md,829,dcb1354860100101b877488d516d8c6f53e7d44964e4cbd0b3b9b3a7afd88c29,.md
payload/TQ2_CIL_CURRENT_DOC_SET_2026-03-29ao.md,850,e3a15eefc0623f481b29b9f6d2b3d916700c3431f544024fa40109e1a4e53b7b,.md
payload/TQ2_CIL_CURRENT_DOC_SET_2026-03-29az.md,1856,e9f68f8cab8d228a788661a10134cbc0de149991120ef46757ca292050cb62a4,.md
payload/TQ2_CIL_CURRENT_DOC_SET_2026-03-29ba.md,1699,69178be8fe2d04563aa146c8e7ca27d5e659bd4c964902c9d8154f7244ae2610,.md
payload/TQ2_CIL_CURRENT_PROJECT_BASELINE_2026-03-29az.md,2960,402d55f5fea6d4859b05f009f5f20c40870be59765912a9e249896f40be41010,.md
payload/TQ2_CIL_DOCTRINE_SNAPSHOT_2026-03-29ar.md,822,3eaba2af10c8cfafd0ca8f9b8d981300122d2243608627ae5c8fdaa256f0a8b3,.md
payload/TQ2_CIL_EXPERIMENT_LEDGER_2026-03-29ar.csv,3116,bacf1084808f1fa21ce85b75888250374fc7c0e06a42622537e73586a1f34662,.csv
payload/TQ2_CIL_FORMAL_INGEST_MANIFEST_2026-03-29ar.json,1215,99b7221925472e98e71a99e60effcd0a08ce8bb4bb9bc7e2e420088ac2f64a73,.json
payload/TQ2_CIL_FORMAL_INGEST_PACKAGE_2026-03-29ar.zip,15555,612e8e42fb96be0faceba438c0020fbdb57941e8ad07ce0a0903fe27324f5dbd,.zip
payload/TQ2_CIL_FORMAL_INGEST_REPORT_2026-03-29ar.md,1378,7e6e32f9a14e595d838c018a6409d47b2d9cc0c152fc7f426c30b112ac0f1196,.md
payload/TQ2_CIL_FULL_EXTRACTION_2026-03-29.md,35397,4d73955388fc149f1ba0a2779f1fa9129e6028f060784a992d7ebda59244ac1b,.md
payload/TQ2_CIL_FULL_THREAD_ARTIFACTS_2026-03-29af.zip,146136,8cfbf3df3eea65c94be76cf88324fe80e647aa5f6492b75f79b16a3f153d946d,.zip
payload/TQ2_CIL_HYGIENE_PASS_2026-03-29ad.md,1697,3e66ceca5fa5a0b433af8d7d8553aa6a90e9b0febd6a6d9ea10cf7d51ffe720b,.md
payload/TQ2_CIL_LAB_REVIEW_PACKAGE_CURRENT_2026-03-29ad.zip,21997,7bc47be78cf8c0dbbca10f2051fb2633f7c46263565ae70a256ab81dd43c28f0,.zip
payload/TQ2_CIL_MAINTENANCE_NOTE_2026-03-29ag.md,714,99fff7eb0967eaa52e799ccf499fcd3d011e577350b3cf59462bb680a70ff124,.md
payload/TQ2_CIL_NEXT_STEPS_2026-03-29az.md,1708,46e56bc893f82101fae6ba52563973a10e0afbfe547f6fbf15e5f059fdd6638b,.md
payload/TQ2_CIL_NEXT_STEPS_UNDER_ACTIVE_CHIMERA_SOP_2026-03-29ba.md,963,5a37979f7544f2b31f57c1d1015477b1b92138c07085e6f4c262d168767c9956,.md
payload/TQ2_CIL_OUTPUTS_TEMPORAL_BASELINE_READ_2026-03-29az.md,4015,21f777da17909852667b740ed7991d5eb2ed87bfc30ad5b09d912c1a0d7469e4,.md
payload/TQ2_CIL_RESEARCH_CROSSWALK_2026-03-29ag.md,1300,774bc135ca6e2dee466329063c712bf034a403925deafbedcf733e989e6e921d,.md
payload/TQ2_CIL_RESTART_DOC_SET_2026-03-29ag.zip,5530,a32cba3cf942efdc05f5088d809e668eeccc26057db861a3c91dfaf8b8dd45eb,.zip
payload/TQ2_CIL_RETRIEVAL_PACKETS_2026-03-29ar.json,2522,335aa1f7866e73f303d20c5f25dd4672ce236caee0a789f535e5cb31cdc8cf3e,.json
payload/TQ2_CIL_REVISIT_LEDGER_2026-03-29ac.md,9833,73fb4a90862865c45b2398bef708d175ee2b6559104d556587d8526bade58bf8,.md
payload/TQ2_CIL_REVISIT_LEDGER_2026-03-29ad.md,12108,bce674f7d1bb10d038be93031b15a7c60be345d46454dec9558eac75baa8f883,.md
payload/TQ2_CIL_REVISIT_LEDGER_SUPPLEMENT_2026-03-29ao.md,766,e476470fd0dad4313d256349fed82db3c39aaaa4b955e2f36cab99db9e08784f,.md
payload/TQ2_CIL_REVISIT_LEDGER_SUPPLEMENT_2026-03-29az.md,1595,783e14a7dc5524c1eba63fb1e0b43a910cd3df99093df717c2e31ec819176a0f,.md
payload/TQ2_CIL_SOP_CYCLE_UPDATE_2026-03-29ao.md,829,e429549ba7a9ae073ff1742ff4e1976072b2d107e0b4169d51396999be8940ba,.md
payload/TQ2_CIL_SOP_CYCLE_UPDATE_2026-03-29ap.md,604,7b8a74451c071e1925dad0073301f2190efe697a2ae320b389d534964c147296,.md
payload/TQ2_CIL_SOP_CYCLE_UPDATE_2026-03-29aq.md,478,1014d4fc3a79543cf54ba548335f95af9118bf99f1e5cbd07dbe93546f0be8b5,.md
payload/TQ2_CIL_SOP_PACKAGE_2026-03-29ao.zip,3722,b063abd4ebbb4381bd0787ffc1169874e266498968301ff81579e0c8f466e397,.zip
payload/TQ2_CIL_TRACE_MATRIX_2026-03-29ag.md,1391,dd570ae9c3ed5382f394136b2b5303b0cf117de579eaf98e85380ed5e3e36bc5,.md
payload/TQ2_DIMENSION_SELECTIVE_READOUT_SPEC_2026-03-29aj.md,475,9a38b7f24f2d68e197fdaad2fe863f9a60d9a5f8fd8fb95c045919b736619bdb,.md
payload/TQ2_DUAL_HEAD_AUDIT_2026-03-29ag.md,852,acce517f84629952c5c25b5275ad991265c8770338041a3b0fb88a16e5058825,.md
payload/TQ2_DYNO_SWEEP_2026-03-29t.md,774,62167852cabf283eeea16a3b3b4fbefe0167fed56714489e0cbd3af42890c066,.md
payload/TQ2_INTEGRATED_INFERENCE_ARCHITECTURE_2026-03-29c.md,4680,1bf5da9c74cf61d6af98635342bee5496c73f03e2ad506cedbd3f16f3ac8a64c,.md
payload/TQ2_INTERACTION_AWARE_ROUTE_HEAD_SPEC_2026-03-29ak.md,408,c12aae3e162f4fb7db4aaa84acb584942277a43bc71f5015e44fab1c99b234fe,.md
payload/TQ2_K2_TO_K3_MACRO_MICRO_SPEC_2026-03-29an.md,442,b3e918804a71c1f65f51cdd1c3ec562500e271dafd0f799c1b9f2e809e143477,.md
payload/TQ2_K3_ROUTE_PRESERVER_SPEC_2026-03-29am.md,504,fc4b379ffcb2beb8d5dfdb673f9436f1a732491d5ca1b5c67f7f32f2ff0a062c,.md
payload/TQ2_LATENT_CRITICALITY_MAP_SPEC_2026-03-29af.md,588,da0f40d045d050d70bc27aaf2d366555a2ba6f9eef4231275919acdccf8a17a4,.md
payload/TQ2_LATENT_KEPT_SEQUENCE_PASS_2026-03-29q.md,586,d59e3ce345cc9b8da1af0170ad4786e1f83a993a3e42c7287e0dbe38340e95d4,.md
payload/TQ2_LATENT_STATE_PROBE_SPEC_2026-03-29ab.md,525,fe39528589d58730c0cdb7cb529b023db4db6b9d66a92d680df099b8abbd7e82,.md
payload/TQ2_LATENT_VERIFY_BRANCH_2026-03-29r.md,668,46264bf1f7ba015150e94b5295b47efe2e088d9a51ffed7696cfcb153696aa0c,.md
payload/TQ2_MULTIPLANE_SEQUENCE_ENCODER_V4_2026-03-29j.md,774,edc2cb92b40471ab5af6aba8a5698ebc22637467eff4026958773f0a4b88b509,.md
payload/TQ2_MULTI_PATH_LATENT_BENCHMARK_SPEC_2026-03-29z.md,606,8c4d927bbf5270abe23da81c1c88331c97767d473c8586df875e6848a836549f,.md
payload/TQ2_OBJECT_GRAMMAR_2026-03-29b.md,7873,23d138699ea560da31ab87c0676bd57e6968d7d18871b07d53c6ded49fbd3ffd,.md
payload/TQ2_RB2R_mixed_task_wave_2026-03-29d.csv,2506,8d67bab9b10434d2bff822484ab37712e9502e653681a1f9b395b3f7eaf8f450,.csv
payload/TQ2_RB2R_mixed_task_wave_confusions_2026-03-29d.json,4988,ee491a0b25f3aa9b52de05df67bdd1a2899f22b82bb2a33f467da148bca01fab,.json
payload/TQ2_RB2R_mixed_task_wave_report_2026-03-29d.md,4138,623253dbd3993d70a171d480869e45df6fe0a9868e0404c004a7895c8451186e,.md
payload/TQ2_RB2R_v2_confusions_2026-03-29e.json,4922,a4e01c9af4713494b0a838554cce8a2538a2128a132ce6dadc823c29d82d3675,.json
payload/TQ2_RB2R_v2_mixed_task_wave_2026-03-29e.csv,2132,a2e2f6f7c6f25782c8b144e0b86c4ba2497de66df41f49145ce55e18fdd57273,.csv
payload/TQ2_RB2R_v2_mixed_task_wave_report_2026-03-29e.md,3795,56785aad56931d8b4132617a880502839483a5e0924bbc8be71fcff4c91a796f,.md
payload/TQ2_RB2R_v3_confusions_2026-03-29f.json,4772,ae4e5ab8d58b8fe77f991133474ae06a5269007144c13cf42639afaf1a7993aa,.json
payload/TQ2_RB2R_v3_mixed_task_wave_2026-03-29f.csv,2080,06f337caa7219826988dfecbb369b065e157f543b6b98e2f2648d6ef053583d6,.csv
payload/TQ2_RB2R_v3_mixed_task_wave_report_2026-03-29f.md,3674,e67dea9a28378c8facd97a10622106ffdfeb3fccad9e2ebd7e4ca8c87ce7bae5,.md
payload/TQ2_RECURRENT_CARRY_ENCODER_V5_2026-03-29k.md,683,315dad4a38edf0f03700fed4a777504922aec4eb604cbad08bc54022f364e4bf,.md
payload/TQ2_RECURSIVE_VALIDATION_PASS_SPEC_2026-03-29al.md,591,8896c826f53b7d64e199dcf3df918da529c8dc762af13ab6f03ce414cc31bc97,.md
payload/TQ2_REFERENCE_SEMANTICS_REPORT_2026-03-29d.md,1552,959fb32c08eb9bf76892edbdf29bebcece97d5ffc577ae45470cf4aea7612542,.md
payload/TQ2_RESTARTED_NEXT_STEPS_2026-03-29ag.md,687,d34a7069189771868f31767655e1892c5a8cd8bcf8da15196ff74787a7a57048,.md
payload/TQ2_RESTARTED_NEXT_STEPS_2026-03-29ah.md,711,8ec29200c000f36637e451403d4e6cbea6cc1686526334de2a17cf2bc2400282,.md
payload/TQ2_RESTARTED_NEXT_STEPS_2026-03-29ai.md,742,6133dcfc688dd8b487414df2266eefd08674cc6bb9c1cbe505eeb2869e637810,.md
payload/TQ2_RESTARTED_NEXT_STEPS_2026-03-29aj.md,766,17ef70b11bf62b7d6628b2b4785b5e17a2fc949a437dd9abe153428d64d488b7,.md
payload/TQ2_RESTARTED_NEXT_STEPS_2026-03-29ak.md,574,ecb96116c423fbfef25bcc2888bde9fe8ff916fe02c31471d78cad580e881585,.md
payload/TQ2_RESTARTED_NEXT_STEPS_2026-03-29al.md,912,6e9daad1c65ce3b35422094ea65a10501fab2bdb64331b34c4c52d5160d5209d,.md
payload/TQ2_RESTARTED_NEXT_STEPS_2026-03-29am.md,815,16d743f0e5ea69e1272a0ca1f973d381d46230eab426aefdca4e2fca1c4b57c0,.md
payload/TQ2_RESTARTED_NEXT_STEPS_2026-03-29an.md,938,c2e0e99ebf7db25ee8929e9e3891bd2cc6179b6274ee6ec2ff04c3bc3b9c52e5,.md
payload/TQ2_RESTARTED_NEXT_STEPS_2026-03-29ao.md,882,0faa954fca07669dc2e6eded8b5d2a9a3c6d512ecdb7e716b589b222d4119f69,.md
payload/TQ2_RESTARTED_NEXT_STEPS_2026-03-29ap.md,913,f7a46ae976b23a32fb9d5d0193f21941ce09d0e413d950aefb48e5e680ad4618,.md
payload/TQ2_RESTARTED_NEXT_STEPS_2026-03-29aq.md,898,17349c562605a420760e733937b2d8560096d6398add91ab9506a29d9daf5333,.md
payload/TQ2_ROUTE_AWARE_DUAL_HEAD_SPEC_2026-03-29ae.md,570,92412510d8afd8bcde3cdeb04f779b4a9014d9457a107185e15f1dcebcbcf530,.md
payload/TQ2_RegimeCache_Inspiration_Note_2026-03-29l.md,703,391a737b4c6ba30f9dcbf460da0d13f24ea8c883db45c1c33d450927f57e1f80,.md
payload/TQ2_STEPWISE_MULTI_PATH_SEPARABILITY_SPEC_2026-03-29ah.md,537,ca7eaf48c47ff8d01a34db2c01cc9d485a53f9046b45f31b40a4585e5943f14a,.md
payload/TQ2_TEXT_ENCODER_V2_2026-03-29g.md,1038,fcfa6e546585c4f43a435bb17dcd87865f20ea93a042feb314c6a95053b98800,.md
payload/TQ2_TEXT_ENCODER_V3_SEQUENCE_2026-03-29i.md,816,6d5566c94d6ab62772ce1dc0789a23d6ce7819503dd37392ec0473420edbb51b,.md
payload/TQ2_TEXT_TRANSFORM_FAMILY_ABLATION_SPEC_2026-03-29ao.md,452,589e5bdd21f5c236cd16fb45bc9fa23413e8791fd8dc999823a269a49b1f6c44,.md
payload/TQ2_TINY_MLP_BASELINE_SPEC_2026-03-29ap.md,681,e8c75fb44835c1fa60dde3543573cb22b9d437e4674c65a7146eaf6fd1acc5f2,.md
payload/TQ2_TOY_DISTILLATION_SPEC_2026-03-29aq.md,446,96847319fb89fc69ede62b2260bfde6db86668ccbbdf60dba169a09378bbabc2,.md
payload/TQ2_UNIFIED_ONTOLOGY_v1_2026-03-29w.md,3510,c61868204881672d4723b263df884ba0fab0e5b6dd18737dfe4664fd58214493,.md
payload/TQ2_Z_MAYBE_GATE_DROP_SPEC_2026-03-29ai.md,488,5bc5945998ba0c70a2c6215421c12784692178b3f4679b54162e99f8d92e2e5b,.md
payload/TQ2_adaptive_k2_sweep_2026-03-29y.csv,470,746899666cd2a352bd20e07a162d0695df632a427c72cca7db0c0cf120452cd0,.csv
payload/TQ2_adaptive_k2_sweep_confusions_2026-03-29y.json,2497,22e640c950c261221ad5b072d91b080b8eab3a4a50b840480faa0fd5a082d7a9,.json
payload/TQ2_adaptive_k2_sweep_report_2026-03-29y.md,1664,82e8ff5bb14b405e0ba380b5d12c9cc38c6fc11fad179e8fdcb0f3a48b0f6356,.md
payload/TQ2_adaptive_multi_path_rerun_2026-03-29aa.csv,496,c3d965d3a929e38fa813c7eca29348b6a120c875bad98058640b90efd38f9130,.csv
payload/TQ2_adaptive_multi_path_rerun_confusions_2026-03-29aa.json,2936,7f18eac386384db5fddbd6f43603552d9f35c3da7cdf4e33d4b57f5f2e84b95c,.json
payload/TQ2_adaptive_multi_path_rerun_report_2026-03-29aa.md,973,f0a4a94b805eaaccd9a5661a24f2ca56d5811cbf8975f6e5eb8d1c3c983f202d,.md
payload/TQ2_calibrated_abstention_note_2026-03-29n.md,280,837dd927c6ac4f9ea2a2af420382c91744562338792850dc6ada8dd281c12f76,.md
payload/TQ2_calibrated_abstention_probe_2026-03-29n.csv,393,c1dbfaf5e8b8d6196a541f4b7c4798847cf10d242bb7035503eaa2d68a96671b,.csv
payload/TQ2_calibrated_abstention_probe_2026-03-29n.md,1583,f0f350f32bff37bbeb3e43b302d38088912d73195b77d6b19b3526ea48f71d9e,.md
payload/TQ2_calibrated_abstention_probe_confusions_2026-03-29n.json,4781,14557aa6188d93f0ac92c499694009ea8daffcdb47a0087cb9677a10d5419ace,.json
payload/TQ2_carry_drift_abstention_note_2026-03-29p.md,368,a9e9c038cb73e1d81e217abf358a06eddddfad501d1bc528fcb91d43f31f64e8,.md
payload/TQ2_carry_drift_abstention_probe_2026-03-29p.csv,397,b0d045820aff1d1c206a3c3622235127f6e590eb5cc82fa6a198eb388b5a295f,.csv
payload/TQ2_carry_drift_abstention_probe_2026-03-29p.md,1584,d25af4cd6ca9362214ef2fc2b3d60475dc864cda0b392e3c74d12bc5d7877ae4,.md
payload/TQ2_carry_drift_abstention_probe_confusions_2026-03-29p.json,4785,59acc2c409b271ccbe0f0eea79d5d2338c6aef3a8310bc1803b0baf5357734a1,.json
payload/TQ2_dimension_selective_readout_2026-03-29aj.csv,834,b032b3284cc9dbbadb6a6c88d795ec3b6db63d55dc31544649d23717e378795e,.csv
payload/TQ2_dimension_selective_readout_report_2026-03-29aj.md,2957,18e82e105219858702bbbf2a3cc17ddcaf6c4815eb5b9c38f271431b38d01104,.md
payload/TQ2_dimension_selective_readout_step3plus_2026-03-29aj.csv,875,23c72bc9c6a2f5d0e0ebdf41f8fad7638677da3fa423576430f3e5b9d07dbb40,.csv
payload/TQ2_dyno_sweep_2026-03-29t.csv,697,74f0adbdad7d8d01036ca4efc678cea7dcc8d9ec90140b152afac367bb81ee03,.csv
payload/TQ2_dyno_sweep_confusions_2026-03-29t.json,3603,5a84d1bfc2139fbdbb1b1cf87b83c69e7df9c1b88d56b6c5c415c7968e212f5a,.json
payload/TQ2_dyno_sweep_report_2026-03-29t.md,1982,bf4e661cd47d2b29b891d2d5cc776cbdeaced48a87f73dc0d44985a3bbd4c6b5,.md
payload/TQ2_family_step_abstention_note_2026-03-29o.md,357,9be9bad3136980acc86ef96fac49c2828f746b991132e31581424a35a996163a,.md
payload/TQ2_family_step_abstention_probe_2026-03-29o.csv,365,1dc35d042d15ea480e9d958b682de7b3f247e4ae57f3b93529cd15b59437e1a1,.csv
payload/TQ2_family_step_abstention_probe_2026-03-29o.md,1490,a955c65cc96c356ba94c3b2a3fcd1dc8c877c7c762d9d1a98b164bb340a68c36,.md
payload/TQ2_family_step_abstention_probe_confusions_2026-03-29o.json,5770,2987c936ffee3e69f9eca0fd958bb7d5fa63be50f8216337f9f3772f468b8634,.json
payload/TQ2_interaction_aware_route_head_2026-03-29ak.csv,722,97fe92cb72595178e83e42f6575685ff76cbc7cbfd2429e3e2e5727e6b82136c,.csv
payload/TQ2_interaction_aware_route_head_report_2026-03-29ak.md,2367,2234bff89a5b946b8fa3383e7c5a5a4ea914dc45f4926014be3cbf030549932c,.md
payload/TQ2_interaction_aware_route_head_step3plus_2026-03-29ak.csv,820,563ccf829b8e651f279c5772176516e9549f07f3d063644e41a84a4a7d0e081e,.csv
payload/TQ2_k2_chain_length_sweep_2026-03-29v.csv,910,5782704af012326ec575791b8bf35b0c1d80490ccc37dbaacd3dac298ed0d36a,.csv
payload/TQ2_k2_chain_length_sweep_confusions_2026-03-29v.json,7529,cdee5b40d2a907aec0a54b3492bc11c7bf80d987ed436faa37bb817e2f2ca462,.json
payload/TQ2_k2_chain_length_sweep_report_2026-03-29v.md,2191,61f645e9f43f88e48e65b1ae38fbb82f04f0a1a18502b2216d69550bc72d7f9b,.md
payload/TQ2_k2_to_k3_macro_micro_2026-03-29an.csv,1532,aa9d65253e04df9e65d8fb4113ec190d3d811571516c83f3495c931535a63f36,.csv
payload/TQ2_k2_to_k3_macro_micro_report_2026-03-29an.md,1960,84ead5936bfc87d2160a319658f40a54fea45e3f07832c0d115e65d82e81073d,.md
payload/TQ2_k2_to_k3_summary_2026-03-29x.csv,348,5642b20c9eecd6116988752fb8ee7f33abc7a4c07584b552d392b5f77924ee17,.csv
payload/TQ2_k2_to_k3_summary_confusions_2026-03-29x.json,1879,4da246b8751f184ac33d2d2413d7e3019184e4116a21488d772375aa88bbc378,.json
payload/TQ2_k2_to_k3_summary_report_2026-03-29x.md,1402,bd3ff644673f0e6ad11fe5b8cabe424f78284ae6d51465dc820539e22a933c03,.md
payload/TQ2_k3_route_preserver_2026-03-29am.csv,620,58807554e674cbde38d43cd7889c4477f8c89b99886c80ba3c0d36e96f5f6306,.csv
payload/TQ2_k3_route_preserver_report_2026-03-29am.md,2412,1b402cae6f91a45235eb33794d4e761ece8c4888653c9b3b0ef76e8af8e02bb8,.md
payload/TQ2_k3_route_preserver_step3plus_2026-03-29am.csv,783,9cbd18c23d2f3034d797d21eacdcd2a3d00c7d8d6261fb8ada72cf71e3593798,.csv
payload/TQ2_latent_criticality_map_2026-03-29af.csv,307,fb2d2d3c9e387b2f325945b1fa50ca2323d4ebf0838b88a51d04361766bb0b26,.csv
payload/TQ2_latent_criticality_map_report_2026-03-29af.md,1265,717955c091bce2f2e21e74808f19af693e61961e169353399ac125a79d73c0f0,.md
payload/TQ2_latent_final_only_largerN_2026-03-29al.csv,348,002cf808da9afb6167b9587941cdf9179222ffdc4eb2d58860555d8166268a8e,.csv
payload/TQ2_latent_kept_sequence_pass_2026-03-29q.csv,393,1986f907b7464ed9f2df1ad716f488f2ce4a16f806f34bf5e88ca378bd7b1922,.csv
payload/TQ2_latent_kept_sequence_pass_confusions_2026-03-29q.json,2126,7987f3e02da469c00daf9971f15cd9025f25e95233dc6fc08705347bf7eb94cf,.json
payload/TQ2_latent_kept_sequence_pass_report_2026-03-29q.md,1424,98a6ea74a77cf98748868bb930570a34ddc0405b361b0b316f454f3208716aa6,.md
payload/TQ2_latent_state_probe_report_2026-03-29ab.md,2729,62b07dfcddd2bcd1a4e3e128d1587ed051350e1afec8ecbb1853f08f901c3b2f,.md
payload/TQ2_latent_verify_branch_2026-03-29r.csv,537,dd8ee4da64d19e75957a529cc70943eeecdd6df197168decf824f9a48b98ccc5,.csv
payload/TQ2_latent_verify_branch_confusions_2026-03-29r.json,2436,4b17e0a16a47e5732c01d9592c0c0366633262d310f977988e8687930e8c5d57,.json
payload/TQ2_latent_verify_branch_report_2026-03-29r.md,1671,b103d47cec890397b8c2c0add4742ce554029fabe663f31280938af500655199,.md
payload/TQ2_minimal_nextchar_probe_2026-03-29h.csv,294,5b19479ef5f64cf011748fc43619d1c954ca98a14ff2c907b855c55523d84d58,.csv
payload/TQ2_minimal_nextchar_probe_confusions_2026-03-29h.json,6667,01e136bfd01ed4308fc230dce51a28d9bef2c0bd46d93aafcb4a1babb52a1e87,.json
payload/TQ2_minimal_nextchar_probe_report_2026-03-29h.md,1229,0b62980a41db09652bdabbff85306c42f7d383d5e21f9d6c568833000dc9618d,.md
payload/TQ2_multi_path_latent_benchmark_2026-03-29z.csv,343,f25e69bad4695b56b43f526ca3bc073bc7303e355e37cf080e6b7089342037f5,.csv
payload/TQ2_multi_path_latent_benchmark_confusions_2026-03-29z.json,3099,af582401cf733c9f606ffd05e0f57738bc2de49bfa0de0a298deb09418aa4a9e,.json
payload/TQ2_multi_path_latent_benchmark_report_2026-03-29z.md,1169,d97ff6960e98525a22018efe57ba8762b24c6076c26ec86447ef1acdb1f88321,.md
payload/TQ2_nextchar_encoder_v2_v3_comparison_2026-03-29i.csv,649,4ad510748cec5a413cafd07a7c9ee3d70bb0ee9ee6d2d6d52e3248c528634aba,.csv
payload/TQ2_nextchar_encoder_v2_v3_confusions_2026-03-29i.json,14940,3e350f94661a91a80b249541792910d09bfe6215e457301d846712fa3eef00f2,.json
payload/TQ2_nextchar_encoder_v2_v3_report_2026-03-29i.md,2401,5b255660e0a3d6ddc79b21f58a64ecf36d01bf810f5d755b209694ab588a69e3,.md
payload/TQ2_nextchar_multiplane_v4_vs_recurrent_v5_2026-03-29k.csv,389,c8488b73ac4a01c9d844d616628cb4c2453236e90fb2e7921ec4a0436cc3c9c2,.csv
payload/TQ2_nextchar_multiplane_v4_vs_recurrent_v5_confusions_2026-03-29k.json,7855,eb1d19cbee45b43edb2ea555623891e1a56908c766a9731ca75624046dfb2330,.json
payload/TQ2_nextchar_multiplane_v4_vs_recurrent_v5_report_2026-03-29k.md,1959,2b014ccde280a9652c6934c6b647e5c1f93ada35beeeea5ee6fae8a2c77e03a4,.md
payload/TQ2_nextchar_singleplane_v3_vs_multiplane_v4_2026-03-29j.csv,538,1f907f1c8b2bbf30dac0233a230540a33a16e2c6b7bb2b11dcfcd66b3b199bf0,.csv
payload/TQ2_nextchar_singleplane_v3_vs_multiplane_v4_confusions_2026-03-29j.json,11711,87cd7aa6d9eda562bca1b449da61383629bdecd1754ffcfef2aaa7e5cc999b3b,.json
payload/TQ2_nextchar_singleplane_v3_vs_multiplane_v4_report_2026-03-29j.md,2139,387eb7d878c65d901c92c84818514a38ffe78bb9e75894274657614fe1df37e6,.md
payload/TQ2_offset_k2_k3_2026-03-29w.csv,446,a2aa3033b80c1c4616aa2ce6563e0ce8d5f7fa34d4834f66e59e7acd640a312b,.csv
payload/TQ2_offset_k2_k3_confusions_2026-03-29w.json,2479,91148434b32f25e2a2f08d4a0fef919afbcba6a5583fb140b8dc7e94054b033e,.json
payload/TQ2_offset_k2_k3_report_2026-03-29w.md,1518,0ef2987bc710e3c80ae4137e8b4c63aca14290384091d1c02a8ffc557b6ee539,.md
payload/TQ2_ood_recurrence_refresh_note_2026-03-29m.md,414,dcf2252c1682be8497c43412e5e6c61ce5aeb8b32243bf6d23baf5a6e956e616,.md
payload/TQ2_ood_recurrence_refresh_probe_2026-03-29m.csv,468,2aea37468de7926601bb810dcd61277142f5a2b2aafd4f4568d217df266aa2b7,.csv
payload/TQ2_ood_recurrence_refresh_probe_2026-03-29m.md,1775,137888aad3f7a3e5121108044d4289d125ab2517f7c07960e06c86d6edd1b9cd,.md
payload/TQ2_ood_recurrence_refresh_probe_confusions_2026-03-29m.json,5585,f38b2de8620ccf54411d05f4447a81fb81f0ea3db5cefffc8a939eb22e471b7e,.json
payload/TQ2_recurrent_refresh_reuse_probe_2026-03-29l.csv,347,820f29b089ca976d4778a636156a6b48b353e3d046878c9645aa5e72d07db9e5,.csv
payload/TQ2_recurrent_refresh_reuse_probe_2026-03-29l.md,1307,2c39cd94288a8e74156a5b6eab9358bad517e326f9289c78ddb1de962aaa047e,.md
payload/TQ2_recurrent_refresh_reuse_probe_confusions_2026-03-29l.json,7082,7c7181f8448b5d0489addd5c866f7bc612cd1db293ca0390e069619eabeddc47,.json
payload/TQ2_recursive_validation_matrix_2026-03-29al.csv,386,1a1ea212e862d8854e34549142bf03e6db2dd924ca7da1703a190b87f337e278,.csv
payload/TQ2_recursive_validation_pass_report_2026-03-29al.md,2379,7f9715ed91fd9f4da50a793c8ab105e59e3bdad08a0b26f8280ef44c05801a3c,.md
payload/TQ2_recursive_validation_phase_2026-03-29al.csv,208,2a79247a213729a49ac983fa57d099b9d6ad55c3f123b209f9219f6210a9d952,.csv
payload/TQ2_route_aware_dual_head_2026-03-29ae.csv,350,e3a1b33d956310764f60899985a9fe892c67d6537ba8d0329e04866c5788810b,.csv
payload/TQ2_route_aware_dual_head_report_2026-03-29ae.md,1037,a94bffd98ae3411621e8760031374678aa8e35b002d3c49967b836e7c8f1b95d,.md
payload/TQ2_stepwise_multi_path_phase_summary_2026-03-29ah.csv,211,bc77ffe9622bcc3c1bc706bd38fe7e31df1ec291df00896991248beab0c5e4cb,.csv
payload/TQ2_stepwise_multi_path_separability_2026-03-29ah.csv,2317,6c86c4ebcf539eaf6bed3c15be20275492b388d3083ea5553e86f03b122602d5,.csv
payload/TQ2_stepwise_multi_path_separability_report_2026-03-29ah.md,6245,061df69708e804eab47e8321b019181e4e956c6005ea0ce0f0808e592a83eccd,.md
payload/TQ2_structurally_distinct_route_readout_2026-03-29ag.csv,325,2ea6d5b251164948792581d347b4feac6e07298c1baa06afcc9714f3e1a7c7b7,.csv
payload/TQ2_structurally_distinct_route_readout_report_2026-03-29ag.md,1367,83fe462f364883ce459c853003da4fc88cf89d91ee5654adad0e7d0f153d998e,.md
payload/TQ2_structurally_distinct_route_readout_step3plus_2026-03-29ag.csv,124,3fbc4d60b28576f6484874fe23e108430c7175a1c681d9e53b758632c3ce099e,.csv
payload/TQ2_substrate_probe_report.md,3960,40948c0d9c2d1681efee01d81140c96262649b59471796cd6aff475833c68fbe,.md
payload/TQ2_text_ood_probe_2026-03-29h.csv,430,c88a1318f95a122a1f16623029c7c956f789c3cfa0c2cdf53de16f16b4aaf5e5,.csv
payload/TQ2_text_ood_probe_confusions_2026-03-29h.json,7207,3215507f8d5aee2388e29d5b544c6eb5e1c92e5ef0efcc679865b5ae6da6924e,.json
payload/TQ2_text_ood_probe_report_2026-03-29h.md,1420,a6e50d1a459e4b33bb1921de6603edd6b3168447e41c998753a4141c5f723d69,.md
payload/TQ2_text_transform_family_ablation_2026-03-29ao.csv,874,17a9faeb2a10b918efdba7c88d80a7412940c31de23fc0fefd32193788188fb9,.csv
payload/TQ2_text_transform_family_ablation_report_2026-03-29ao.md,1473,4b8c77c991d98ac54db400882c081af1ffa327fb931a95dc41740a860ae66cfe,.md
payload/TQ2_tiny_mlp_baseline_raw_2026-03-29ap.csv,4258,71a7d03f71a8c610ea340b5dd27b11ea6199b5f6c544af17faab5a2db232d2c9,.csv
payload/TQ2_tiny_mlp_baseline_report_2026-03-29ap.md,2669,92ab8e75eb1abea5bfd139b3c7e0bbbfc5becd9d5afb178307b4ec793dda6f82,.md
payload/TQ2_tiny_mlp_baseline_summary_2026-03-29ap.csv,587,c0bb17de42dc5dbdc94e6886bea71b534ac2282d9bdf4cb01c043ac7346c8013,.csv
payload/TQ2_tiny_mlp_vs_branch_compare_2026-03-29ap.csv,1019,57b04964706fc4f38cdd33c583bff991473783e5b0fa84c2f2aa25f2148dbdb4,.csv
payload/TQ2_toy_distillation_quant_details_2026-03-29aq.csv,969,fa2b03131f6f104b826aa6ff3ed0e50b256edad535f47367c7e3f5319e8d591b,.csv
payload/TQ2_toy_distillation_report_2026-03-29aq.md,3756,4aa9f5ede58be0f5126f6bbd24fe2ab2a85c478e216947769c62adb164a7db1d,.md
payload/TQ2_toy_distillation_results_2026-03-29aq.csv,1088,2b637d00b5e71fafa4e28426c534f6bcce6b76f3a7efba2957e474cd23210592,.csv
payload/TQ2_z80_text_probe_2026-03-29f.csv,384,9f67876e879e96eaa6c0e2aeeb69ad85f7bd9ea4b325e7273860d356292f96d0,.csv
payload/TQ2_z80_text_probe_confusions_2026-03-29f.json,5579,248a2b182dbf049905ecedf1d7237f230bc6c38ad82cb8a9670302361547b831,.json
payload/TQ2_z80_text_probe_report_2026-03-29f.md,2543,8b79dffae60414489a390b1f69f742ec3d0cd1fa95c59ad9dfd03834568da44c,.md
payload/TQ2_z80_text_probe_v1_v2_comparison_2026-03-29g.csv,704,9b77bea21858a26cfceaff7e4f8bab535afafbeeb872002f6b1812f852268b35,.csv
payload/TQ2_z80_text_probe_v1_v2_confusions_2026-03-29g.json,10120,91c2b7fccd47a7ae853a729e34054d6f596348872f4406767072998c36fea5b0,.json
payload/TQ2_z80_text_probe_v1_v2_report_2026-03-29g.md,3048,1bf0a49c10cc0a760d97d045089ed08db5187eaf21393eb0c91cb4ea0300d043,.md
payload/TQ2_z_maybe_gate_drop_2026-03-29ai.csv,948,78d7d0d5d587b58974fdc8b477759cc87d0ea2749494c77eee5642d2c1f5108e,.csv
payload/TQ2_z_maybe_gate_drop_report_2026-03-29ai.md,3248,4fe6d5f725fb1ae4dc2e117248c526fe50531bab57f4268adae1558f40036dc5,.md
payload/TQ2_z_maybe_gate_drop_step3plus_2026-03-29ai.csv,1031,4801dbd19e4654aebff74a77927b84b69ae50f9a2f545d3133283526b8a59196,.csv
payload/Tech Concept Evaluation.mht,10590635,4dc272a127d0a9c391cca970e3902f9907dbf53c3bb6fb3e9962a1e76302332c,.mht
payload/Ternary Weight and Inference thesis.txt,14821,a3a94f218d92f91dcd580ccd5e95105e7ad62f49b3c5cfb14ac71dc7d594257e,.txt
payload/UPDATE_ZIP_DEFNLP_SYNTHESIS_2026-03-29av.md,2078,c4132dc13a601423f90abb35325413bc274e722b0ee666ef84b27aa72a5fff98,.md
payload/UPDATE_ZIP_ELT_MANIFEST_2026-03-29av.json,845,8dc58447c94610cf2054c2cec9f0caa5f592564debf3060bb2fb57489f428e5a,.json
payload/UPDATE_ZIP_OIE_TRIPLES_2026-03-29av.csv,1017,e751d680aa5364e4c13a0a8bef8154f09d5e4f94e2bf01a22be4e3f760b95f06,.csv
payload/UPDATE_ZIP_STANDARDIZED_EXTRACTION_MATRIX_2026-03-29av.csv,1952,5b869d9a6a557af5df00efe88ed2329328a282e66349a7b4b9b91cf657f21853,.csv
payload/UPDATE_ZIP_ZERO_LOSS_INGESTION_2026-03-29av.md,1024,67c78a3c5b9b134ee5eb4141988d7a01a8da1c0d54bd7156f21bd4a651ac5c42,.md
payload/UPDATE_ZIP_ZERO_LOSS_PACKAGE_2026-03-29av.zip,4489,56b93d8ade781b2c15306600b6ac3012e8441114edf79cf46a91c5b7a3b6bb9b,.zip
payload/WEIGHT_SUBSTRATE_BASIS_2026-03-28a.md,7267,d1af4d52be4c81444ed1bb9de4a1851b4ac0bfd71b577f7bb906f24ae3affe50,.md
payload/WEIGHT_SUBSTRATE_BASIS_2026-03-29a.md,6936,58f5bd96db216402c7fa4d46bcb6c9b96829a90086e12697ef354838968378b7,.md
payload/WEIGHT_SUBSTRATE_BASIS_2026-03-29b.md,2414,c1b7ef6a7c968d817a39b787347632bb64e428e5d5801aa596dfd01228e67f65,.md
payload/WEIGHT_SUBSTRATE_BASIS_2026-03-29c.md,1466,cafa37f4b1ce25dae844fa46a3c9edb27e09def72c3c347607550e53d61cff4b,.md
payload/WEIGHT_SUBSTRATE_BASIS_2026-03-29g.md,943,49993a6423e76eb8e70744c687266413a9c543dafd16a5d4fa260ce486645252,.md
payload/WEIGHT_SUBSTRATE_BASIS_2026-03-29h.md,704,340ae5ac810ed7d18d01052615b5c6b2012d21c7760130481ea3634c1602456b,.md
payload/WEIGHT_SUBSTRATE_BASIS_2026-03-29i.md,776,c50f6121bb508aec105cc30ad923810cc6c430efe763ac2d4242150941083ace,.md
payload/WEIGHT_SUBSTRATE_BASIS_2026-03-29j.md,823,724a15402b9c8531edbaecd9acf64453c6eb2b7ee63e4db1a2aa7dfeb6220481,.md
payload/WEIGHT_SUBSTRATE_BASIS_2026-03-29k.md,884,2c7ad3da7ff1d8d7a3e6c85c968ef693afabf3d61115aa88276e9d61bbaa65c3,.md
payload/WEIGHT_SUBSTRATE_BASIS_2026-03-29l.md,1027,387de0dae64840bd49f5f56b2a5eecd37c995205c6b07dfee331af2ce3e1ffa5,.md
payload/WEIGHT_SUBSTRATE_BASIS_2026-03-29m.md,1008,e3efcce2a5851b9d7c41a2ddbec33cad826ec49dafe39747daba4cb76d9f4d49,.md
payload/WEIGHT_SUBSTRATE_BASIS_2026-03-29n.md,984,d960ceee2cf8c27aeea5ffd5251a675f4d8074b68e8ad8e506d522e1e2ba4b41,.md
payload/WEIGHT_SUBSTRATE_BASIS_2026-03-29s.md,1181,9b58e207595e483e7e83484232500b965edb32a270571ba973f5322b73fad5d4,.md
payload/WEIGHT_SUBSTRATE_BASIS_2026-03-29t.md,610,366e81ddd0160511add38e00e8baa335f54b8c1d14fe588eb26f0d95de455d26,.md
payload/WEIGHT_SUBSTRATE_INDEX_2026-03-28a.md,1061,04d0e7031b4f11ee0458140cb785b149d6ac5d34cbf105ff6563bab52f8a063e,.md
payload/WEIGHT_SUBSTRATE_INDEX_2026-03-29a.md,658,166c88407e690aa8da421cbcc0e8fbc6a612b1bb8eca8290cac925090b0617af,.md
payload/WEIGHT_SUBSTRATE_INDEX_2026-03-29c.md,644,88456973e9dac23a33fb7ce117b797e4ea7b094af85d7da0b04be05d33ebaa5e,.md
payload/WEIGHT_SUBSTRATE_INDEX_2026-03-29g.md,454,09bf6e5942eaa667f94fe7509e5492d8315f01bdda0cb18203e256d3cb6e0ab6,.md
payload/WEIGHT_SUBSTRATE_INDEX_2026-03-29h.md,411,28734eaadadbc80f6fc822a5c5cf63c599e34182c8f9d7251d9c6dbdd3978bef,.md
payload/WEIGHT_SUBSTRATE_INDEX_2026-03-29i.md,472,7cc50cbdc22b31aeccd5147730e681b776a26db10418275b48dba56f447bc88d,.md
payload/WEIGHT_SUBSTRATE_INDEX_2026-03-29j.md,416,55b36828800fb2d0fccf13049a263baafc2212210bb51cc2f3c37647d25c76e6,.md
payload/WEIGHT_SUBSTRATE_INDEX_2026-03-29k.md,419,8ca492aaacc7a5290adee297f97783dc18e6ed4d6e2fc6c2f801343d21bf76c2,.md
payload/WEIGHT_SUBSTRATE_INDEX_2026-03-29l.md,437,9f1febdf4f94c16d2b3e77fc7c32df4fdac8c960b7599d4e9433f68a8fa6689e,.md
payload/WEIGHT_SUBSTRATE_WHITE_PAPER_v0.1_2026-03-28a.md,5877,ce3b5d6ecfa71bcedeeedd53e31772156a98cbd7537639739fbf23e940ec177d,.md
payload/WEIGHT_SUBSTRATE_WHITE_PAPER_v0.2_2026-03-29a.md,6275,be9a99ced18fb2c58fff0eb42962c9544f46907fbff8a4096951221265531571,.md
payload/WEIGHT_SUBSTRATE_WHITE_PAPER_v0.4_2026-03-29c.md,1114,54808cb949a1ff7c2e63c3c147b33a0171020f03cd15fbf1b8c0e269fed761b6,.md
payload/WEIGHT_SUBSTRATE_WHITE_PAPER_v0.5_2026-03-29g.md,892,79fe08f5993964ac86e52827888837503274285aea8dfafc357e4ea01fd07a01,.md
payload/WEIGHT_SUBSTRATE_WHITE_PAPER_v0.6_2026-03-29h.md,734,4a3ff1ca9305e74a55be5ce99c45aeae4b1bbc0bb2fac01e998f7902d7103c16,.md
payload/WEIGHT_SUBSTRATE_WHITE_PAPER_v0.7_2026-03-29i.md,682,bcbedcf0509c0caba90f1e03e3399c75592bcb898e11f9421e67bb5ad5ec9195,.md
payload/WEIGHT_SUBSTRATE_WHITE_PAPER_v0.8_2026-03-29j.md,755,a27cbf205b35a46c6935f7253ccc71b9db40ab307bc9f30a9e82542d18999131,.md
payload/WEIGHT_SUBSTRATE_WHITE_PAPER_v0.9_2026-03-29k.md,757,398e893eec7b1c16b97e8034e8927d23349af03631fc3af63083000e850d7ecd,.md
payload/WEIGHT_SUBSTRATE_WHITE_PAPER_v1.0_2026-03-29l.md,821,9901b46854e2da35f0ce36d54d22fed510b970951a443c8baa190891bb15edb6,.md
payload/Weight-Shadow-Addendum-2026-03-28a.md,2214,c59f22d6dade5b8655b37851c1280a9b1a6f6e4f8c33e75b783beda442b36f40,.md
payload/Weight-Shadow-Addendum-2026-03-29a.md,2057,9a0b34719be9fbd320c8f8d3a4a9f21c33b130269f3f3f8e0456cef0167a4023,.md
payload/Weight-Shadow-Addendum-2026-03-29c.md,986,48434d1111c62a3061998a28fae7b9d840ee6e9bf9303a062b7433141d1335b7,.md
payload/Weight-Shadow-Addendum-2026-03-29g.md,741,a8b1bd552c64d42dbe0ff818055bcf920edab10a59656cbc05db5bc88a3da923,.md
payload/Weight-Shadow-Addendum-2026-03-29h.md,482,7e16ca335a37f0315fb4e364bad414fc6859eab978e7efb9252f3767ce015421,.md
payload/Weight-Shadow-Addendum-2026-03-29i.md,532,7b8e750e46206100d19ec5d0125703cb8efaee4a0a09bea38162c82b9abe2f0c,.md
payload/Weight-Shadow-Addendum-2026-03-29j.md,541,435b918b8fbce7f757a13ded01d3953481f7dd8798a455846e0846f2bd14c311,.md
payload/Weight-Shadow-Addendum-2026-03-29k.md,523,a157fa5cc3af699c2bada3ca8dd4cc3f67f4960d15d0756a4e677a2e0d1c3a27,.md
payload/Weight-Shadow-Addendum-2026-03-29l.md,380,724a38bb5c023b06f22e46eca37830e4eaa91cbbaafd3b78f3def7765e83cba1,.md
payload/Weight-Shadow-Maintenance-Note-2026-03-28a.md,2325,40afa53e266e5cad09dfdea08751655d3260899263361cb3fa0ad5d21f33975e,.md
payload/Weight-Shadow-Maintenance-Note-2026-03-29a.md,1797,9dfa4e3f247072ee5abc443fa39e6c0cddd3dcf3bdf42ea383e19aac79a7fd9a,.md
payload/Weight-Shadow-Maintenance-Note-2026-03-29c.md,794,dca2b8465e9fe9039b5ec8976d8220a4f844227c413b2f600249003028927414,.md
payload/Weight-Shadow-Research-Crosswalk-2026-03-28a.md,6420,d52a754d77c7dacf6e67f574305ed1ae36ade31fe2aa2f2de8b49ce2cc7f01ce,.md
payload/Weight-Shadow-Research-Crosswalk-2026-03-29a.md,5064,e91f527f538eaf657033282f7f0596bb3c451726f317670886a3e3af71a45f83,.md
payload/Weight-Shadow-Research-Crosswalk-2026-03-29b.md,2327,7fedaf9ec28428e0b785e5b84d4545ab9cb9fed6cff07c6d2d900c5f4533edbb,.md
payload/Weight-Shadow-Trace-Matrix-2026-03-28a.md,6054,1bb99fad9145e2761cf3f6a4c25cdc3afda232f8ff24c9a8640e1f6406a1d209,.md
payload/Weight-Shadow-Trace-Matrix-2026-03-29a.md,7114,1de7b88ff75bdee6736e9aa22b2a7afa2018a1338e0a6dd25f68ad85b5a8a52f,.md
payload/Weight-Shadow-Trace-Matrix-2026-03-29b.md,7156,bb23a9dff43b76e5b1dbd6b723f4662554dc06eda786547480bbcb61f7f6946f,.md
payload/Weight-Shadow-Trace-Matrix-2026-03-29c.md,1831,e7b7ca7cc0254c1ead187c0424041c5d8387146c7907f1b53afb511d691a24cc,.md
payload/Weight-Shadow-Trace-Matrix-2026-03-29g.md,830,7762037b1b3bbdec18b3ecd649713e0fabb1d4905fbbbcf922686f2e5db2ff19,.md
payload/Weight-Shadow-Trace-Matrix-2026-03-29h.md,901,44c4fc9c6ff7f67a275b36edbf6bb956cf4b981c8a6ad6cfd64ddfd9e90fbf64,.md
payload/Weight-Shadow-Trace-Matrix-2026-03-29i.md,1049,fc80db8c393d78385ceec84282574935a0242a0ac39cf029e39b489ff3edc6a9,.md
payload/Weight-Shadow-Trace-Matrix-2026-03-29j.md,1127,06f7f26c49c4fd8b4dfb7f05bad5b8d5123eb65cd24a1c1966b450e606a9f2ac,.md
payload/Weight-Shadow-Trace-Matrix-2026-03-29k.md,1124,8496fa80af2f036058eb6ca4fad1930db806eead3b4e49bf52d8343c387dd8ac,.md
payload/Weight-Shadow-Trace-Matrix-2026-03-29l.md,1162,129dc49988cd04216097393da6271e8e75ab9305d450cbfc2ea60529e705bfde,.md
payload/Weight-Source-Thread-Genealogy-2026-03-29a.md,2725,a9afa6f86c38f3f385269ccfd3aaa00dc38910519d3347b2706784618a34adba,.md
payload/Weight_Thesis_Research_Crosswalk_2026-03-28.md,12882,c855455bbac7de723140ab14058221ffc6aa72ea4a9c6c1a23f10ee6aa40fda6,.md
payload/files(1).zip,16444,1b01f5a3bf68a21accdb00a1f392549747afedc73c4ae05ca69cf07640c4f83b,.zip
payload/files(2).zip,38062,0de82d26bde15fc82b053b4b13cee8499ffb580c9629463c0189ae80b1369934,.zip
payload/files(3).zip,46393,77210b6c88776fb0311be55b565360e68a66742b3facd85bdbee543da83403df,.zip
payload/files3_extract_active/CHIMERA_LINEAGE_MAP.md,7885,c7902cd38896ecb1875b5a85ec750e858e23beeb5022ff3d544f4728c0ade4c4,.md
payload/files3_extract_active/DEVIATION_LOG.md,1066,a00e10c83e543d82eda0b02bf0ceae9fdcfa4b306b96e14ba289e4062df942ff,.md
payload/files3_extract_active/EVALUATION_LOG.md,1256,4244cdd5583e1c387e1293ef2d75adb4881ccf8638c2c96dc06457fe8b783443,.md
payload/files3_extract_active/EXPERIMENT_PREREGISTRATION_LOG.md,1955,4960aaf3de33f0ba70c2c0bd8eee31079825382e3171e171949efc3487c5dcf8,.md
payload/files3_extract_active/EXPERIMENT_SPEC_AND_REPORT_TEMPLATES.md,3398,72050441ba7c7f06e6108e034b97416f19a23ec0d52d39454e6b143f95357b33,.md
payload/files3_extract_active/SHADOW_DOC_TEMPLATES.md,7725,c078fabaeb8926086398262d70147e1d44f6885745b250f89c729df0cccfc25a,.md
payload/files3_extract_active/UNIVERSAL_LAB_SOP_2026-03-29.md,25983,7e60ae382dcba4605e6e3a546fe00806adc7e0011d33816bf4d5b871af332dc7,.md
payload/files3_extract_active/UNIVERSAL_LAB_SOP_CHIMERA_2026-03-29.zip,25544,fa0ee174f49178126dcaacbdf3590da70c1a41ab043f07eeda1f29248517cc2f,.zip
payload/forge (model weight consumption).zip,110359,50b1f65ad6751f588e6214a50ddfb036e01420695392b3de86b5bb8f19d23a83,.zip
payload/pagesaver(13).md,11328,a52c02902f05b7c8e5e4b690517b822ad5c1171eca168f6e1ca5182d4f1dafe1,.md
payload/tq2_reference_semantics_2026-03-29d.py,10395,3cd98a7cbd7b71a25ddb7ab6240dd9df5d9641b87f02f1e2118cff5fbceb27e2,.py
payload/tq2_reference_semantics_demo_outputs_2026-03-29d.json,35021,5213330fc9593f90c997dd403be185759970ea4be96c9fa44a411880fc40b661,.json
payload/tq2_reference_semantics_v2_2026-03-29e.py,10036,86e758d5da61d0141e3fde0eccc4caee9c8e35a5cdb8acc325b159064f0cd09c,.py
payload/tq2_reference_semantics_v3_2026-03-29f.py,1984,e0dad55c8c8590453b92eb06473dbb6f875325b600c2f0dcb99ba72e9005dd37,.py
payload/tq2_substrate_probe_results.csv,654,3bb27b645abd4d280dd455d71366df1a5887abaeef8fd2a5fff1d64dc24b246b,.csv
payload/z80ai-main.zip,340447,872d0d3501090db2f89bc59f08ee46e7c2966517a3871e925f7cbf7ad7dfd3b2,.zip
payload/z80ai-main_MONOLITH (1).pdf,883306,85b03b0020e14b640f01dddecb78e1ad4322a24f1881665066f9930db32b0a0b,.pdf
payload/z80ai-main_MONOLITH.md,929624,7cba26eec9b1a75edb440dafc8ab876af0409ae50d7c80e39713c08833c699dc,.md
payload/z80ai-main_MONOLITH.pdf,883306,85b03b0020e14b640f01dddecb78e1ad4322a24f1881665066f9930db32b0a0b,.pdf
